{"cameraMode":{"drawMode":0,"name":"Shaded","section":"Shading Mode"},"sceneLighting":true,"audioPlay":false,"sceneViewState":{"m_AlwaysRefresh":false,"showFog":true,"showSkybox":true,"showFlares":true,"showImageEffects":true,"showParticleSystems":true,"showVisualEffectGraphs":true,"m_FxEnabled":true},"in2DMode":false,"pivot":{"x":-3.329707145690918,"y":2.4165241718292238,"z":2.8881454467773439},"rotation":{"x":-0.06604878604412079,"y":0.07983577996492386,"z":-0.005301876924932003,"w":-0.9946040511131287},"size":5.990166187286377,"orthographic":false}